Year,Trade Flow,Commodity Code,Commodity,Trade Value (US$)
2012,Import,5208,"Woven fabrics of cotton, containing 85% or more by weight of cotton, weighing not more than 200 g/m2",1447049838
2012,Export,5208,"Woven fabrics of cotton, containing 85% or more by weight of cotton, weighing not more than 200 g/m2",24720005
2012,Import,5209,"Woven fabrics of cotton, containing 85% or more by weight of cotton, weighing more than 200g/m2",1067052824
2012,Export,5209,"Woven fabrics of cotton, containing 85% or more by weight of cotton, weighing more than 200g/m2",23968738
2012,Import,5210,"Woven fabrics of cotton, containing less than 85% by weight of cotton, mixed mainly or solely with man-made fibres, weighing not more than 200 g/m2",115234988
2012,Export,5210,"Woven fabrics of cotton, containing less than 85% by weight of cotton, mixed mainly or solely with man-made fibres, weighing not more than 200 g/m2",2067519
2012,Import,5211,"Woven fabrics of cotton, containing less than 85% by weight of cotton, mixed mainly or solely with man-made fibres, weighing more than 200g/m2",94333973
2012,Export,5211,"Woven fabrics of cotton, containing less than 85% by weight of cotton, mixed mainly or solely with man-made fibres, weighing more than 200g/m2",1118120
2012,Import,5212,"Other woven fabrics of cotton, n.e.c. in chapter 52",157917578
2012,Export,5212,"Other woven fabrics of cotton, n.e.c. in chapter 52",4370789
2012,Import,5407,"Woven fabrics of synthetic filament yarn, including woven fabrics obtained from materials of heading no. 5404",319766649
2012,Export,5407,"Woven fabrics of synthetic filament yarn, including woven fabrics obtained from materials of heading no. 5404",1721332
2012,Import,5408,Woven fabrics of artificial filament yarn including woven fabrics obtained from materials of heading no. 5404,10494625
2012,Export,5408,Woven fabrics of artificial filament yarn including woven fabrics obtained from materials of heading no. 5404,56391
2012,Import,5512,"Woven fabrics of synthetic staple fibres, containing 85% or more by weight of synthetic staple fibres",170642383
2012,Export,5512,"Woven fabrics of synthetic staple fibres, containing 85% or more by weight of synthetic staple fibres",2005483
2012,Import,5513,"Woven fabrics of synthetic staple fibres, containing less than 85% by weight of such fibres, mixed mainly or solely with cotton, of a weight not exceeding 170g/m2",231799930
2012,Export,5513,"Woven fabrics of synthetic staple fibres, containing less than 85% by weight of such fibres, mixed mainly or solely with cotton, of a weight not exceeding 170g/m2",4297418
2012,Import,5514,"Woven fabrics of synthetic staple fibres, containing less than 85% by weight of such fibres, mixed mainly or solely with cotton, of a weight exceeding 170g/m2",60177331
2012,Export,5514,"Woven fabrics of synthetic staple fibres, containing less than 85% by weight of such fibres, mixed mainly or solely with cotton, of a weight exceeding 170g/m2",149643
2012,Import,5515,"Woven fabrics of synthetic staple fibres, n.e.c. in chapter 55",38427927
2012,Export,5515,"Woven fabrics of synthetic staple fibres, n.e.c. in chapter 55",30086
2012,Import,5516,Woven fabrics of artificial staple fibres,9432037
2012,Export,5516,Woven fabrics of artificial staple fibres,76952
2012,Import,60,Fabrics; knitted or crocheted,296563797
2012,Export,60,Fabrics; knitted or crocheted,16769955
2012,Import,61,Apparel and clothing accessories; knitted or crocheted,16987814
2012,Export,61,Apparel and clothing accessories; knitted or crocheted,9421033677
2012,Import,62,Apparel and clothing accessories; not knitted or crocheted,682604378
2012,Export,62,Apparel and clothing accessories; not knitted or crocheted,9850163837
2013,Import,5208,"Woven fabrics of cotton, containing 85% or more by weight of cotton, weighing not more than 200 g/m2",1484268712
2013,Export,5208,"Woven fabrics of cotton, containing 85% or more by weight of cotton, weighing not more than 200 g/m2",27120617
2013,Import,5209,"Woven fabrics of cotton, containing 85% or more by weight of cotton, weighing more than 200g/m2",1138170907
2013,Export,5209,"Woven fabrics of cotton, containing 85% or more by weight of cotton, weighing more than 200g/m2",28875172
2013,Import,5210,"Woven fabrics of cotton, containing less than 85% by weight of cotton, mixed mainly or solely with man-made fibres, weighing not more than 200 g/m2",142215119
2013,Export,5210,"Woven fabrics of cotton, containing less than 85% by weight of cotton, mixed mainly or solely with man-made fibres, weighing not more than 200 g/m2",4540813
2013,Import,5211,"Woven fabrics of cotton, containing less than 85% by weight of cotton, mixed mainly or solely with man-made fibres, weighing more than 200g/m2",121356402
2013,Export,5211,"Woven fabrics of cotton, containing less than 85% by weight of cotton, mixed mainly or solely with man-made fibres, weighing more than 200g/m2",934688
2013,Import,5212,"Other woven fabrics of cotton, n.e.c. in chapter 52",167036638
2013,Export,5212,"Other woven fabrics of cotton, n.e.c. in chapter 52",2367231
2013,Import,5407,"Woven fabrics of synthetic filament yarn, including woven fabrics obtained from materials of heading no. 5404",339285626
2013,Export,5407,"Woven fabrics of synthetic filament yarn, including woven fabrics obtained from materials of heading no. 5404",4096060
2013,Import,5408,Woven fabrics of artificial filament yarn including woven fabrics obtained from materials of heading no. 5404,11118905
2013,Export,5408,Woven fabrics of artificial filament yarn including woven fabrics obtained from materials of heading no. 5404,27584
2013,Import,5512,"Woven fabrics of synthetic staple fibres, containing 85% or more by weight of synthetic staple fibres",208177793
2013,Export,5512,"Woven fabrics of synthetic staple fibres, containing 85% or more by weight of synthetic staple fibres",3994262
2013,Import,5513,"Woven fabrics of synthetic staple fibres, containing less than 85% by weight of such fibres, mixed mainly or solely with cotton, of a weight not exceeding 170g/m2",261426866
2013,Export,5513,"Woven fabrics of synthetic staple fibres, containing less than 85% by weight of such fibres, mixed mainly or solely with cotton, of a weight not exceeding 170g/m2",7927028
2013,Import,5514,"Woven fabrics of synthetic staple fibres, containing less than 85% by weight of such fibres, mixed mainly or solely with cotton, of a weight exceeding 170g/m2",68239036
2013,Export,5514,"Woven fabrics of synthetic staple fibres, containing less than 85% by weight of such fibres, mixed mainly or solely with cotton, of a weight exceeding 170g/m2",34255
2013,Import,5515,"Woven fabrics of synthetic staple fibres, n.e.c. in chapter 55",35190924
2013,Export,5515,"Woven fabrics of synthetic staple fibres, n.e.c. in chapter 55",194814
2013,Import,5516,Woven fabrics of artificial staple fibres,9414084
2013,Export,5516,Woven fabrics of artificial staple fibres,303857
2013,Import,60,Fabrics; knitted or crocheted,300092914
2013,Export,60,Fabrics; knitted or crocheted,16385984
2013,Import,61,Apparel and clothing accessories; knitted or crocheted,11672495
2013,Export,61,Apparel and clothing accessories; knitted or crocheted,9567937877
2013,Import,62,Apparel and clothing accessories; not knitted or crocheted,707366417
2013,Export,62,Apparel and clothing accessories; not knitted or crocheted,9999795331
2015,Import,5208,"Woven fabrics of cotton, containing 85% or more by weight of cotton, weighing not more than 200 g/m2",1762426535
2015,Export,5208,"Woven fabrics of cotton, containing 85% or more by weight of cotton, weighing not more than 200 g/m2",24318611
2015,Import,5209,"Woven fabrics of cotton, containing 85% or more by weight of cotton, weighing more than 200g/m2",1471226465
2015,Export,5209,"Woven fabrics of cotton, containing 85% or more by weight of cotton, weighing more than 200g/m2",27263409
2015,Import,5210,"Woven fabrics of cotton, containing less than 85% by weight of cotton, mixed mainly or solely with man-made fibres, weighing not more than 200 g/m2",219554994
2015,Export,5210,"Woven fabrics of cotton, containing less than 85% by weight of cotton, mixed mainly or solely with man-made fibres, weighing not more than 200 g/m2",4821061
2015,Import,5211,"Woven fabrics of cotton, containing less than 85% by weight of cotton, mixed mainly or solely with man-made fibres, weighing more than 200g/m2",259083007
2015,Export,5211,"Woven fabrics of cotton, containing less than 85% by weight of cotton, mixed mainly or solely with man-made fibres, weighing more than 200g/m2",4687593
2015,Import,5212,"Other woven fabrics of cotton, n.e.c. in chapter 52",133638180
2015,Export,5212,"Other woven fabrics of cotton, n.e.c. in chapter 52",1966465
2015,Import,5407,"Woven fabrics of synthetic filament yarn, including woven fabrics obtained from materials of heading no. 5404",536030706
2015,Export,5407,"Woven fabrics of synthetic filament yarn, including woven fabrics obtained from materials of heading no. 5404",5128700
2015,Import,5408,Woven fabrics of artificial filament yarn including woven fabrics obtained from materials of heading no. 5404,26942934
2015,Export,5408,Woven fabrics of artificial filament yarn including woven fabrics obtained from materials of heading no. 5404,62314
2015,Import,5512,"Woven fabrics of synthetic staple fibres, containing 85% or more by weight of synthetic staple fibres",276596965
2015,Export,5512,"Woven fabrics of synthetic staple fibres, containing 85% or more by weight of synthetic staple fibres",1015919
2015,Import,5513,"Woven fabrics of synthetic staple fibres, containing less than 85% by weight of such fibres, mixed mainly or solely with cotton, of a weight not exceeding 170g/m2",316287250
2015,Export,5513,"Woven fabrics of synthetic staple fibres, containing less than 85% by weight of such fibres, mixed mainly or solely with cotton, of a weight not exceeding 170g/m2",7259995
2015,Import,5514,"Woven fabrics of synthetic staple fibres, containing less than 85% by weight of such fibres, mixed mainly or solely with cotton, of a weight exceeding 170g/m2",94794857
2015,Export,5514,"Woven fabrics of synthetic staple fibres, containing less than 85% by weight of such fibres, mixed mainly or solely with cotton, of a weight exceeding 170g/m2",88477
2015,Import,5515,"Woven fabrics of synthetic staple fibres, n.e.c. in chapter 55",91746808
2015,Export,5515,"Woven fabrics of synthetic staple fibres, n.e.c. in chapter 55",56441
2015,Import,5516,Woven fabrics of artificial staple fibres,38309991
2015,Export,5516,Woven fabrics of artificial staple fibres,141738
2015,Import,60,Fabrics; knitted or crocheted,590147924
2015,Export,60,Fabrics; knitted or crocheted,33810028
2015,Import,61,Apparel and clothing accessories; knitted or crocheted,22896807
2015,Export,61,Apparel and clothing accessories; knitted or crocheted,12767099522
2015,Import,62,Apparel and clothing accessories; not knitted or crocheted,887051715
2015,Export,62,Apparel and clothing accessories; not knitted or crocheted,13765225603
2008,Import,5208,"Woven fabrics of cotton, containing 85 % or more by weight of cotton, weighing not more than 200 g/m2.",780396810
2008,Export,5208,"Woven fabrics of cotton, containing 85 % or more by weight of cotton, weighing not more than 200 g/m2.",14785386
2008,Import,5209,"Woven fabrics of cotton, containing 85 % or more by weight of cotton, weighing more than 200 g/m2.",594243822
2008,Export,5209,"Woven fabrics of cotton, containing 85 % or more by weight of cotton, weighing more than 200 g/m2.",9425935
2008,Import,5210,"Woven fabrics of cotton, containing less than 85 % by weight of cotton, mixed mainly or solely with man-made fibres, weighing not more than 200 g/m2.",58042597
2008,Export,5210,"Woven fabrics of cotton, containing less than 85 % by weight of cotton, mixed mainly or solely with man-made fibres, weighing not more than 200 g/m2.",2431513
2008,Import,5211,"Woven fabrics of cotton, containing less than 85 % by weight of cotton, mixed mainly or solely with man-made fibres, weighing more than 200 g/m2.",70371653
2008,Export,5211,"Woven fabrics of cotton, containing less than 85 % by weight of cotton, mixed mainly or solely with man-made fibres, weighing more than 200 g/m2.",1707047
2008,Import,5212,Other woven fabrics of cotton.,101635276
2008,Export,5212,Other woven fabrics of cotton.,1396292
2008,Import,5407,"Woven fabrics of synthetic filament yarn, including woven fabrics obtained from materials of heading 54.04.",218659618
2008,Export,5407,"Woven fabrics of synthetic filament yarn, including woven fabrics obtained from materials of heading 54.04.",1378278
2008,Import,5408,"Woven fabrics of artificial filament yarn, including woven fabrics obtained from materials of heading 54.05.",4523129
2008,Import,5512,"Woven fabrics of synthetic staple fibres, containing 85 % or more by weight of synthetic staple fibres.",137821291
2008,Export,5512,"Woven fabrics of synthetic staple fibres, containing 85 % or more by weight of synthetic staple fibres.",1960952
2008,Import,5513,"Woven fabrics of synthetic staple fibres, containing less than 85 % by weight of such fibres, mixed mainly or solely with cotton, of a weight not exceeding 170 g/m².",150407880
2008,Export,5513,"Woven fabrics of synthetic staple fibres, containing less than 85 % by weight of such fibres, mixed mainly or solely with cotton, of a weight not exceeding 170 g/m².",2777342
2008,Import,5514,"Woven fabrics of synthetic staple fibres, containing less than 85 % by weight of such fibres, mixed mainly or solely with cotton, of a weight exceeding 170 g/m².",36138088
2008,Export,5514,"Woven fabrics of synthetic staple fibres, containing less than 85 % by weight of such fibres, mixed mainly or solely with cotton, of a weight exceeding 170 g/m².",1558
2008,Import,5515,Other woven fabrics of synthetic staple fibres.,34672244
2008,Export,5515,Other woven fabrics of synthetic staple fibres.,18175
2008,Import,5516,Woven fabrics of artificial staple fibres.,9769878
2008,Export,5516,Woven fabrics of artificial staple fibres.,62775
2008,Import,60,Knitted or crocheted fabrics,167607661
2008,Export,60,Knitted or crocheted fabrics,19174479
2008,Import,61,"Articles of apparel and clothing accessories, knitted or crocheted",8801307
2008,Export,61,"Articles of apparel and clothing accessories, knitted or crocheted",6299690509
2008,Import,62,"Articles of apparel and clothing accessories, not knitted or crocheted",519900531
2008,Export,62,"Articles of apparel and clothing accessories, not knitted or crocheted",5649460604
2009,Import,5208,"Woven fabrics of cotton, containing 85 % or more by weight of cotton, weighing not more than 200 g/m2.",680850755
2009,Export,5208,"Woven fabrics of cotton, containing 85 % or more by weight of cotton, weighing not more than 200 g/m2.",15343833
2009,Import,5209,"Woven fabrics of cotton, containing 85 % or more by weight of cotton, weighing more than 200 g/m2.",575688149
2009,Export,5209,"Woven fabrics of cotton, containing 85 % or more by weight of cotton, weighing more than 200 g/m2.",8822682
2009,Import,5210,"Woven fabrics of cotton, containing less than 85 % by weight of cotton, mixed mainly or solely with man-made fibres, weighing not more than 200 g/m2.",40735655
2009,Export,5210,"Woven fabrics of cotton, containing less than 85 % by weight of cotton, mixed mainly or solely with man-made fibres, weighing not more than 200 g/m2.",1592003
2009,Import,5211,"Woven fabrics of cotton, containing less than 85 % by weight of cotton, mixed mainly or solely with man-made fibres, weighing more than 200 g/m2.",47584435
2009,Export,5211,"Woven fabrics of cotton, containing less than 85 % by weight of cotton, mixed mainly or solely with man-made fibres, weighing more than 200 g/m2.",996598
2009,Import,5212,Other woven fabrics of cotton.,101589165
2009,Export,5212,Other woven fabrics of cotton.,3559907
2009,Import,5407,"Woven fabrics of synthetic filament yarn, including woven fabrics obtained from materials of heading 54.04.",198241029
2009,Export,5407,"Woven fabrics of synthetic filament yarn, including woven fabrics obtained from materials of heading 54.04.",961669
2009,Import,5408,"Woven fabrics of artificial filament yarn, including woven fabrics obtained from materials of heading 54.05.",8023427
2009,Export,5408,"Woven fabrics of artificial filament yarn, including woven fabrics obtained from materials of heading 54.05.",53840
2009,Import,5512,"Woven fabrics of synthetic staple fibres, containing 85 % or more by weight of synthetic staple fibres.",116654139
2009,Export,5512,"Woven fabrics of synthetic staple fibres, containing 85 % or more by weight of synthetic staple fibres.",794161
2009,Import,5513,"Woven fabrics of synthetic staple fibres, containing less than 85 % by weight of such fibres, mixed mainly or solely with cotton, of a weight not exceeding 170 g/m².",118051827
2009,Export,5513,"Woven fabrics of synthetic staple fibres, containing less than 85 % by weight of such fibres, mixed mainly or solely with cotton, of a weight not exceeding 170 g/m².",2665097
2009,Import,5514,"Woven fabrics of synthetic staple fibres, containing less than 85 % by weight of such fibres, mixed mainly or solely with cotton, of a weight exceeding 170 g/m².",35549063
2009,Export,5514,"Woven fabrics of synthetic staple fibres, containing less than 85 % by weight of such fibres, mixed mainly or solely with cotton, of a weight exceeding 170 g/m².",44423
2009,Import,5515,Other woven fabrics of synthetic staple fibres.,25548492
2009,Export,5515,Other woven fabrics of synthetic staple fibres.,24872
2009,Import,5516,Woven fabrics of artificial staple fibres.,12056008
2009,Export,5516,Woven fabrics of artificial staple fibres.,417787
2009,Import,60,Knitted or crocheted fabrics,168691607
2009,Export,60,Knitted or crocheted fabrics,19004864
2009,Import,61,"Articles of apparel and clothing accessories, knitted or crocheted",8999637
2009,Export,61,"Articles of apparel and clothing accessories, knitted or crocheted",6470641883
2009,Import,62,"Articles of apparel and clothing accessories, not knitted or crocheted",488083570
2009,Export,62,"Articles of apparel and clothing accessories, not knitted or crocheted",5811372699
2010,Import,5208,"Woven fabrics of cotton, containing 85 % or more by weight of cotton, weighing not more than 200 g/m2.",957540185
2010,Export,5208,"Woven fabrics of cotton, containing 85 % or more by weight of cotton, weighing not more than 200 g/m2.",24888838
2010,Import,5209,"Woven fabrics of cotton, containing 85 % or more by weight of cotton, weighing more than 200 g/m2.",740899318
2010,Export,5209,"Woven fabrics of cotton, containing 85 % or more by weight of cotton, weighing more than 200 g/m2.",12968781
2010,Import,5210,"Woven fabrics of cotton, containing less than 85 % by weight of cotton, mixed mainly or solely with man-made fibres, weighing not more than 200 g/m2.",58216176
2010,Export,5210,"Woven fabrics of cotton, containing less than 85 % by weight of cotton, mixed mainly or solely with man-made fibres, weighing not more than 200 g/m2.",598270
2010,Import,5211,"Woven fabrics of cotton, containing less than 85 % by weight of cotton, mixed mainly or solely with man-made fibres, weighing more than 200 g/m2.",64805060
2010,Export,5211,"Woven fabrics of cotton, containing less than 85 % by weight of cotton, mixed mainly or solely with man-made fibres, weighing more than 200 g/m2.",1094143
2010,Import,5212,Other woven fabrics of cotton.,125482651
2010,Export,5212,Other woven fabrics of cotton.,2751554
2010,Import,5407,"Woven fabrics of synthetic filament yarn, including woven fabrics obtained from materials of heading 54.04.",246537167
2010,Export,5407,"Woven fabrics of synthetic filament yarn, including woven fabrics obtained from materials of heading 54.04.",5327024
2010,Import,5408,"Woven fabrics of artificial filament yarn, including woven fabrics obtained from materials of heading 54.05.",10272912
2010,Export,5408,"Woven fabrics of artificial filament yarn, including woven fabrics obtained from materials of heading 54.05.",322781
2010,Import,5512,"Woven fabrics of synthetic staple fibres, containing 85 % or more by weight of synthetic staple fibres.",135142889
2010,Export,5512,"Woven fabrics of synthetic staple fibres, containing 85 % or more by weight of synthetic staple fibres.",1242580
2010,Import,5513,"Woven fabrics of synthetic staple fibres, containing less than 85 % by weight of such fibres, mixed mainly or solely with cotton, of a weight not exceeding 170 g/m².",142423164
2010,Export,5513,"Woven fabrics of synthetic staple fibres, containing less than 85 % by weight of such fibres, mixed mainly or solely with cotton, of a weight not exceeding 170 g/m².",3225402
2010,Import,5514,"Woven fabrics of synthetic staple fibres, containing less than 85 % by weight of such fibres, mixed mainly or solely with cotton, of a weight exceeding 170 g/m².",46982669
2010,Export,5514,"Woven fabrics of synthetic staple fibres, containing less than 85 % by weight of such fibres, mixed mainly or solely with cotton, of a weight exceeding 170 g/m².",211271
2010,Import,5515,Other woven fabrics of synthetic staple fibres.,29102667
2010,Export,5515,Other woven fabrics of synthetic staple fibres.,59320
2010,Import,5516,Woven fabrics of artificial staple fibres.,11960660
2010,Export,5516,Woven fabrics of artificial staple fibres.,96080
2010,Import,60,Knitted or crocheted fabrics,212394890
2010,Export,60,Knitted or crocheted fabrics,20020599
2010,Import,61,"Articles of apparel and clothing accessories, knitted or crocheted",12469032
2010,Export,61,"Articles of apparel and clothing accessories, knitted or crocheted",7785527632
2010,Import,62,"Articles of apparel and clothing accessories, not knitted or crocheted",587758613
2010,Export,62,"Articles of apparel and clothing accessories, not knitted or crocheted",7059025061
2011,Import,5208,"Woven fabrics of cotton, containing 85 % or more by weight of cotton, weighing not more than 200 g/m2.",1486462924
2011,Export,5208,"Woven fabrics of cotton, containing 85 % or more by weight of cotton, weighing not more than 200 g/m2.",29125147
2011,Import,5209,"Woven fabrics of cotton, containing 85 % or more by weight of cotton, weighing more than 200 g/m2.",1131788263
2011,Export,5209,"Woven fabrics of cotton, containing 85 % or more by weight of cotton, weighing more than 200 g/m2.",18391090
2011,Import,5210,"Woven fabrics of cotton, containing less than 85 % by weight of cotton, mixed mainly or solely with man-made fibres, weighing not more than 200 g/m2.",90226924
2011,Export,5210,"Woven fabrics of cotton, containing less than 85 % by weight of cotton, mixed mainly or solely with man-made fibres, weighing not more than 200 g/m2.",2291567
2011,Import,5211,"Woven fabrics of cotton, containing less than 85 % by weight of cotton, mixed mainly or solely with man-made fibres, weighing more than 200 g/m2.",100799144
2011,Export,5211,"Woven fabrics of cotton, containing less than 85 % by weight of cotton, mixed mainly or solely with man-made fibres, weighing more than 200 g/m2.",1519130
2011,Import,5212,Other woven fabrics of cotton.,228712674
2011,Export,5212,Other woven fabrics of cotton.,1588209
2011,Import,5407,"Woven fabrics of synthetic filament yarn, including woven fabrics obtained from materials of heading 54.04.",326508335
2011,Export,5407,"Woven fabrics of synthetic filament yarn, including woven fabrics obtained from materials of heading 54.04.",1050720
2011,Import,5408,"Woven fabrics of artificial filament yarn, including woven fabrics obtained from materials of heading 54.05.",14981056
2011,Export,5408,"Woven fabrics of artificial filament yarn, including woven fabrics obtained from materials of heading 54.05.",205922
2011,Import,5512,"Woven fabrics of synthetic staple fibres, containing 85 % or more by weight of synthetic staple fibres.",162830241
2011,Export,5512,"Woven fabrics of synthetic staple fibres, containing 85 % or more by weight of synthetic staple fibres.",1029218
2011,Import,5513,"Woven fabrics of synthetic staple fibres, containing less than 85 % by weight of such fibres, mixed mainly or solely with cotton, of a weight not exceeding 170 g/m².",257500006
2011,Export,5513,"Woven fabrics of synthetic staple fibres, containing less than 85 % by weight of such fibres, mixed mainly or solely with cotton, of a weight not exceeding 170 g/m².",3652768
2011,Import,5514,"Woven fabrics of synthetic staple fibres, containing less than 85 % by weight of such fibres, mixed mainly or solely with cotton, of a weight exceeding 170 g/m².",49980224
2011,Export,5514,"Woven fabrics of synthetic staple fibres, containing less than 85 % by weight of such fibres, mixed mainly or solely with cotton, of a weight exceeding 170 g/m².",5703
2011,Import,5515,Other woven fabrics of synthetic staple fibres.,39534415
2011,Export,5515,Other woven fabrics of synthetic staple fibres.,80895
2011,Import,5516,Woven fabrics of artificial staple fibres.,9175435
2011,Export,5516,Woven fabrics of artificial staple fibres.,135847
2011,Import,60,Knitted or crocheted fabrics,321113295
2011,Export,60,Knitted or crocheted fabrics,23845531
2011,Import,61,"Articles of apparel and clothing accessories, knitted or crocheted",20070786
2011,Export,61,"Articles of apparel and clothing accessories, knitted or crocheted",9936304901
2011,Import,62,"Articles of apparel and clothing accessories, not knitted or crocheted",627404068
2011,Export,62,"Articles of apparel and clothing accessories, not knitted or crocheted",9225733521
2002,Import,5208,"Woven fabrics of cotton, containing 85 % or more by weight of cotton",125177977
2002,Export,5208,"Woven fabrics of cotton, containing 85 % or more by weight of cotton",1942881
2002,Import,5209,"Woven fabrics of cotton, containing 85 % or more by weight of cotton",131341272
2002,Export,5209,"Woven fabrics of cotton, containing 85 % or more by weight of cotton",936721
2002,Import,5210,"Woven fabrics of cotton, containing less than 85 % by weight of cotton",5351221
2002,Export,5210,"Woven fabrics of cotton, containing less than 85 % by weight of cotton",426166
2002,Import,5211,"Woven fabrics of cotton, containing less than 85 % by weight of cotton",13614824
2002,Export,5211,"Woven fabrics of cotton, containing less than 85 % by weight of cotton",313970
2002,Import,5212,Other woven fabrics of cotton.,142641955
2002,Export,5212,Other woven fabrics of cotton.,3670684
2002,Import,5407,Woven fabrics of synthetic filament yarn,135003849
2002,Export,5407,Woven fabrics of synthetic filament yarn,1605218
2002,Import,5408,Woven fabrics of artificial filament yarn,5663106
2002,Import,5512,Woven fabrics of synthetic staple fibres,112153969
2002,Export,5512,Woven fabrics of synthetic staple fibres,496467
2002,Import,5513,Woven fabrics of synthetic staple fibres,83098393
2002,Export,5513,Woven fabrics of synthetic staple fibres,942338
2002,Import,5514,Woven fabrics of synthetic staple fibres,35007541
2002,Export,5514,Woven fabrics of synthetic staple fibres,180671
2002,Import,5515,Other woven fabrics of synthetic staple fibres.,14186415
2002,Export,5515,Other woven fabrics of synthetic staple fibres.,9093
2002,Import,5516,Woven fabrics of artificial staple fibres.,1416596
2002,Export,5516,Woven fabrics of artificial staple fibres.,49832
2002,Import,60,Knitted or crocheted fabrics,41802500
2002,Export,60,Knitted or crocheted fabrics,905993
2002,Import,61,"Articles of apparel and clothing accessories, knitted or crocheted",64549390
2002,Export,61,"Articles of apparel and clothing accessories, knitted or crocheted",1443022305
2002,Import,62,"Articles of apparel and clothing accessories, not knitted or crocheted",209580977
2002,Export,62,"Articles of apparel and clothing accessories, not knitted or crocheted",2613852100
2003,Import,5208,"Woven fabrics of cotton, containing 85 % or more by weight of cotton",145412304
2003,Export,5208,"Woven fabrics of cotton, containing 85 % or more by weight of cotton",819135
2003,Import,5209,"Woven fabrics of cotton, containing 85 % or more by weight of cotton",173542325
2003,Export,5209,"Woven fabrics of cotton, containing 85 % or more by weight of cotton",6885428
2003,Import,5210,"Woven fabrics of cotton, containing less than 85 % by weight of cotton",6932156
2003,Export,5210,"Woven fabrics of cotton, containing less than 85 % by weight of cotton",147798
2003,Import,5211,"Woven fabrics of cotton, containing less than 85 % by weight of cotton",13777155
2003,Export,5211,"Woven fabrics of cotton, containing less than 85 % by weight of cotton",134743
2003,Import,5212,Other woven fabrics of cotton.,168743308
2003,Export,5212,Other woven fabrics of cotton.,837373
2003,Import,5407,Woven fabrics of synthetic filament yarn,155569015
2003,Export,5407,Woven fabrics of synthetic filament yarn,1770193
2003,Import,5408,Woven fabrics of artificial filament yarn,6661548
2003,Export,5408,Woven fabrics of artificial filament yarn,28464
2003,Import,5512,Woven fabrics of synthetic staple fibres,96691030
2003,Export,5512,Woven fabrics of synthetic staple fibres,380574
2003,Import,5513,Woven fabrics of synthetic staple fibres,123299601
2003,Export,5513,Woven fabrics of synthetic staple fibres,433434
2003,Import,5514,Woven fabrics of synthetic staple fibres,85036964
2003,Export,5514,Woven fabrics of synthetic staple fibres,68662
2003,Import,5515,Other woven fabrics of synthetic staple fibres.,16526620
2003,Export,5515,Other woven fabrics of synthetic staple fibres.,1434070
2003,Import,5516,Woven fabrics of artificial staple fibres.,1948515
2003,Export,5516,Woven fabrics of artificial staple fibres.,28136
2003,Import,60,Knitted or crocheted fabrics,48872234
2003,Export,60,Knitted or crocheted fabrics,1917754
2003,Import,61,"Articles of apparel and clothing accessories, knitted or crocheted",117436288
2003,Export,61,"Articles of apparel and clothing accessories, knitted or crocheted",2124118354
2003,Import,62,"Articles of apparel and clothing accessories, not knitted or crocheted",294770015
2003,Export,62,"Articles of apparel and clothing accessories, not knitted or crocheted",2916673641
2004,Import,5208,"Woven fabrics of cotton, containing 85 % or more by weight of cotton",257590482
2004,Export,5208,"Woven fabrics of cotton, containing 85 % or more by weight of cotton",1928451
2004,Import,5209,"Woven fabrics of cotton, containing 85 % or more by weight of cotton",227824824
2004,Export,5209,"Woven fabrics of cotton, containing 85 % or more by weight of cotton",11859439
2004,Import,5210,"Woven fabrics of cotton, containing less than 85 % by weight of cotton",22931244
2004,Export,5210,"Woven fabrics of cotton, containing less than 85 % by weight of cotton",361024
2004,Import,5211,"Woven fabrics of cotton, containing less than 85 % by weight of cotton",41447614
2004,Export,5211,"Woven fabrics of cotton, containing less than 85 % by weight of cotton",932788
2004,Import,5212,Other woven fabrics of cotton.,64600178
2004,Export,5212,Other woven fabrics of cotton.,1958067
2004,Import,5407,Woven fabrics of synthetic filament yarn,107388050
2004,Export,5407,Woven fabrics of synthetic filament yarn,1677317
2004,Import,5408,Woven fabrics of artificial filament yarn,4481482
2004,Export,5408,Woven fabrics of artificial filament yarn,10487
2004,Import,5512,Woven fabrics of synthetic staple fibres,71969223
2004,Export,5512,Woven fabrics of synthetic staple fibres,874070
2004,Import,5513,Woven fabrics of synthetic staple fibres,97446253
2004,Export,5513,Woven fabrics of synthetic staple fibres,378016
2004,Import,5514,Woven fabrics of synthetic staple fibres,28924583
2004,Export,5514,Woven fabrics of synthetic staple fibres,81410
2004,Import,5515,Other woven fabrics of synthetic staple fibres.,20044186
2004,Export,5515,Other woven fabrics of synthetic staple fibres.,7606681
2004,Import,5516,Woven fabrics of artificial staple fibres.,11213005
2004,Export,5516,Woven fabrics of artificial staple fibres.,20965
2004,Import,60,Knitted or crocheted fabrics,87732617
2004,Export,60,Knitted or crocheted fabrics,6972271
2004,Import,61,"Articles of apparel and clothing accessories, knitted or crocheted",58550003
2004,Export,61,"Articles of apparel and clothing accessories, knitted or crocheted",3007038113
2004,Import,62,"Articles of apparel and clothing accessories, not knitted or crocheted",284914660
2004,Export,62,"Articles of apparel and clothing accessories, not knitted or crocheted",3224252775
2005,Import,5208,"Woven fabrics of cotton, containing 85 % or more by weight of cotton",260849387
2005,Export,5208,"Woven fabrics of cotton, containing 85 % or more by weight of cotton",5254261
2005,Import,5209,"Woven fabrics of cotton, containing 85 % or more by weight of cotton",175974149
2005,Export,5209,"Woven fabrics of cotton, containing 85 % or more by weight of cotton",12721949
2005,Import,5210,"Woven fabrics of cotton, containing less than 85 % by weight of cotton",26189177
2005,Export,5210,"Woven fabrics of cotton, containing less than 85 % by weight of cotton",175313
2005,Import,5211,"Woven fabrics of cotton, containing less than 85 % by weight of cotton",42160674
2005,Export,5211,"Woven fabrics of cotton, containing less than 85 % by weight of cotton",2103496
2005,Import,5212,Other woven fabrics of cotton.,47576439
2005,Export,5212,Other woven fabrics of cotton.,901657
2005,Import,5407,Woven fabrics of synthetic filament yarn,121794801
2005,Export,5407,Woven fabrics of synthetic filament yarn,1910726
2005,Import,5408,Woven fabrics of artificial filament yarn,6860780
2005,Export,5408,Woven fabrics of artificial filament yarn,1655
2005,Import,5512,Woven fabrics of synthetic staple fibres,67300017
2005,Export,5512,Woven fabrics of synthetic staple fibres,324183
2005,Import,5513,Woven fabrics of synthetic staple fibres,79722573
2005,Export,5513,Woven fabrics of synthetic staple fibres,441390
2005,Import,5514,Woven fabrics of synthetic staple fibres,19662058
2005,Export,5514,Woven fabrics of synthetic staple fibres,129164
2005,Import,5515,Other woven fabrics of synthetic staple fibres.,15011768
2005,Export,5515,Other woven fabrics of synthetic staple fibres.,13262123
2005,Import,5516,Woven fabrics of artificial staple fibres.,3322504
2005,Export,5516,Woven fabrics of artificial staple fibres.,870637
2005,Import,60,Knitted or crocheted fabrics,73243551
2005,Export,60,Knitted or crocheted fabrics,7238406
2005,Import,61,"Articles of apparel and clothing accessories, knitted or crocheted",15075677
2005,Export,61,"Articles of apparel and clothing accessories, knitted or crocheted",3346925339
2005,Import,62,"Articles of apparel and clothing accessories, not knitted or crocheted",226205651
2005,Export,62,"Articles of apparel and clothing accessories, not knitted or crocheted",3498608848
2006,Import,5208,"Woven fabrics of cotton, containing 85 % or more by weight of cotton",86851045
2006,Export,5208,"Woven fabrics of cotton, containing 85 % or more by weight of cotton",7674054
2006,Import,5209,"Woven fabrics of cotton, containing 85 % or more by weight of cotton",101241601
2006,Export,5209,"Woven fabrics of cotton, containing 85 % or more by weight of cotton",692102949
2006,Import,5210,"Woven fabrics of cotton, containing less than 85 % by weight of cotton",16770967
2006,Export,5210,"Woven fabrics of cotton, containing less than 85 % by weight of cotton",593450
2006,Import,5211,"Woven fabrics of cotton, containing less than 85 % by weight of cotton",5559509
2006,Export,5211,"Woven fabrics of cotton, containing less than 85 % by weight of cotton",2358496
2006,Import,5212,Other woven fabrics of cotton.,3192327
2006,Export,5212,Other woven fabrics of cotton.,464145
2006,Import,5407,Woven fabrics of synthetic filament yarn,98752070
2006,Export,5407,Woven fabrics of synthetic filament yarn,1839481
2006,Import,5408,Woven fabrics of artificial filament yarn,3067788
2006,Export,5408,Woven fabrics of artificial filament yarn,650429
2006,Import,5512,Woven fabrics of synthetic staple fibres,52837297
2006,Export,5512,Woven fabrics of synthetic staple fibres,329659
2006,Import,5513,Woven fabrics of synthetic staple fibres,39983935
2006,Export,5513,Woven fabrics of synthetic staple fibres,611659
2006,Import,5514,Woven fabrics of synthetic staple fibres,523890037
2006,Export,5514,Woven fabrics of synthetic staple fibres,4014
2006,Import,5515,Other woven fabrics of synthetic staple fibres.,16902811
2006,Export,5515,Other woven fabrics of synthetic staple fibres.,100709
2006,Import,5516,Woven fabrics of artificial staple fibres.,769208
2006,Export,5516,Woven fabrics of artificial staple fibres.,79056
2006,Import,60,Knitted or crocheted fabrics,29239989
2006,Export,60,Knitted or crocheted fabrics,14038582
2006,Import,61,"Articles of apparel and clothing accessories, knitted or crocheted",5126012
2006,Export,61,"Articles of apparel and clothing accessories, knitted or crocheted",4072097406
2006,Import,62,"Articles of apparel and clothing accessories, not knitted or crocheted",156308657
2006,Export,62,"Articles of apparel and clothing accessories, not knitted or crocheted",4179923628
2007,Import,5208,"Woven fabrics of cotton, containing 85 % or more by weight of cotton",151805951
2007,Export,5208,"Woven fabrics of cotton, containing 85 % or more by weight of cotton",14290691
2007,Import,5209,"Woven fabrics of cotton, containing 85 % or more by weight of cotton",131606894
2007,Export,5209,"Woven fabrics of cotton, containing 85 % or more by weight of cotton",12342642
2007,Import,5210,"Woven fabrics of cotton, containing less than 85 % by weight of cotton",23201143
2007,Export,5210,"Woven fabrics of cotton, containing less than 85 % by weight of cotton",707183
2007,Import,5211,"Woven fabrics of cotton, containing less than 85 % by weight of cotton",11699381
2007,Export,5211,"Woven fabrics of cotton, containing less than 85 % by weight of cotton",952158
2007,Import,5212,Other woven fabrics of cotton.,8870307
2007,Export,5212,Other woven fabrics of cotton.,1025393
2007,Import,5407,Woven fabrics of synthetic filament yarn,107120414
2007,Export,5407,Woven fabrics of synthetic filament yarn,10256620
2007,Import,5408,Woven fabrics of artificial filament yarn,2358150
2007,Export,5408,Woven fabrics of artificial filament yarn,393081
2007,Import,5512,Woven fabrics of synthetic staple fibres,62093058
2007,Export,5512,Woven fabrics of synthetic staple fibres,12949266
2007,Import,5513,Woven fabrics of synthetic staple fibres,40319458
2007,Export,5513,Woven fabrics of synthetic staple fibres,1856819
2007,Import,5514,Woven fabrics of synthetic staple fibres,5233519
2007,Export,5514,Woven fabrics of synthetic staple fibres,26175
2007,Import,5515,Other woven fabrics of synthetic staple fibres.,18421480
2007,Export,5515,Other woven fabrics of synthetic staple fibres.,3693530
2007,Import,5516,Woven fabrics of artificial staple fibres.,1563763
2007,Export,5516,Woven fabrics of artificial staple fibres.,194287
2007,Import,60,Knitted or crocheted fabrics,36672634
2007,Export,60,Knitted or crocheted fabrics,15906389
2007,Import,61,"Articles of apparel and clothing accessories, knitted or crocheted",4571987
2007,Export,61,"Articles of apparel and clothing accessories, knitted or crocheted",4734698171
2007,Import,62,"Articles of apparel and clothing accessories, not knitted or crocheted",185081546
2007,Export,62,"Articles of apparel and clothing accessories, not knitted or crocheted",4588550374
1989,Import,5208,"Woven cotton fabric, >85% cotton, < 200g/m2",31225882
1989,Export,5208,"Woven cotton fabric, >85% cotton, < 200g/m2",146952
1989,Import,5209,"Woven cotton nes, >85% cotton, >200g/m2",32464819
1989,Export,5209,"Woven cotton nes, >85% cotton, >200g/m2",171502
1989,Import,5210,"Woven cotton, <85% cotton with manmade fibre,<200g/m2",1499069
1989,Export,5210,"Woven cotton, <85% cotton with manmade fibre,<200g/m2",46955
1989,Import,5211,"Woven fabric, <85% cotton with manmade fibre,>200g/m2",9132879
1989,Export,5211,"Woven fabric, <85% cotton with manmade fibre,>200g/m2",39949
1989,Import,5212,"Woven cotton fabric, nes",8568193
1989,Import,5407,"Woven synthetic filament yarn, monofilament >67dtex",17796293
1989,Import,5408,"Woven fabric of artificial filament, monofilament yar",519847
1989,Import,5512,Woven fabric with >85% synthetic staple fibres,1475140
1989,Export,5512,Woven fabric with >85% synthetic staple fibres,4261
1989,Import,5513,"Woven fabric >85% synth + cotton, <170g/m2 unbl/blchd",29896505
1989,Import,5514,"Woven fabric >85% synth+cotton, >170g/m2 unbl/bleache",55074712
1989,Export,5514,"Woven fabric >85% synth+cotton, >170g/m2 unbl/bleache",6804
1989,Import,5515,"Woven fabric of synthetic staple fibres, nes",1332408
1989,Import,5516,Woven fabric <85% artificial staple fibre,691087
1989,Import,60,Knitted or crocheted fabric,21920077
1989,Export,60,Knitted or crocheted fabric,165799
1989,Import,61,"Articles of apparel, accessories, knit or crochet",3272737
1989,Export,61,"Articles of apparel, accessories, knit or crochet",38995060
1989,Import,62,"Articles of apparel, accessories, not knit or crochet",423176
1989,Export,62,"Articles of apparel, accessories, not knit or crochet",410483856
1990,Import,5208,"Woven cotton fabric, >85% cotton, < 200g/m2",69519530
1990,Export,5208,"Woven cotton fabric, >85% cotton, < 200g/m2",285754
1990,Import,5209,"Woven cotton nes, >85% cotton, >200g/m2",8511313
1990,Export,5209,"Woven cotton nes, >85% cotton, >200g/m2",9753
1990,Import,5210,"Woven cotton, <85% cotton with manmade fibre,<200g/m2",1122780
1990,Import,5211,"Woven fabric, <85% cotton with manmade fibre,>200g/m2",10159261
1990,Export,5211,"Woven fabric, <85% cotton with manmade fibre,>200g/m2",543546
1990,Import,5212,"Woven cotton fabric, nes",11981979
1990,Import,5407,"Woven synthetic filament yarn, monofilament >67dtex",40632767
1990,Import,5408,"Woven fabric of artificial filament, monofilament yar",783809
1990,Import,5512,Woven fabric with >85% synthetic staple fibres,8647115
1990,Import,5513,"Woven fabric >85% synth + cotton, <170g/m2 unbl/blchd",49364980
1990,Export,5513,"Woven fabric >85% synth + cotton, <170g/m2 unbl/blchd",23694
1990,Import,5514,"Woven fabric >85% synth+cotton, >170g/m2 unbl/bleache",72681534
1990,Export,5514,"Woven fabric >85% synth+cotton, >170g/m2 unbl/bleache",30130
1990,Import,5515,"Woven fabric of synthetic staple fibres, nes",3717925
1990,Export,5515,"Woven fabric of synthetic staple fibres, nes",73275
1990,Import,5516,Woven fabric <85% artificial staple fibre,881134
1990,Import,60,Knitted or crocheted fabric,19766899
1990,Import,61,"Articles of apparel, accessories, knit or crochet",12451385
1990,Export,61,"Articles of apparel, accessories, knit or crochet",86517102
1990,Import,62,"Articles of apparel, accessories, not knit or crochet",750522
1990,Export,62,"Articles of apparel, accessories, not knit or crochet",556435179
1991,Import,5208,"Woven cotton fabric, >85% cotton, < 200g/m2",75702113
1991,Export,5208,"Woven cotton fabric, >85% cotton, < 200g/m2",35358
1991,Import,5209,"Woven cotton nes, >85% cotton, >200g/m2",6964126
1991,Import,5210,"Woven cotton, <85% cotton with manmade fibre,<200g/m2",1603482
1991,Import,5211,"Woven fabric, <85% cotton with manmade fibre,>200g/m2",20353110
1991,Export,5211,"Woven fabric, <85% cotton with manmade fibre,>200g/m2",50091
1991,Import,5212,"Woven cotton fabric, nes",23728819
1991,Import,5407,"Woven synthetic filament yarn, monofilament >67dtex",55476664
1991,Import,5408,"Woven fabric of artificial filament, monofilament yar",3727839
1991,Import,5512,Woven fabric with >85% synthetic staple fibres,14012313
1991,Import,5513,"Woven fabric >85% synth + cotton, <170g/m2 unbl/blchd",48903200
1991,Import,5514,"Woven fabric >85% synth+cotton, >170g/m2 unbl/bleache",71650682
1991,Import,5515,"Woven fabric of synthetic staple fibres, nes",4448075
1991,Export,5515,"Woven fabric of synthetic staple fibres, nes",105
1991,Import,5516,Woven fabric <85% artificial staple fibre,2064403
1991,Import,60,Knitted or crocheted fabric,22985540
1991,Import,61,"Articles of apparel, accessories, knit or crochet",7855026
1991,Export,61,"Articles of apparel, accessories, knit or crochet",152276422
1991,Import,62,"Articles of apparel, accessories, not knit or crochet",472719
1991,Export,62,"Articles of apparel, accessories, not knit or crochet",687361669
1992,Import,5208,"Woven cotton fabric, >85% cotton, < 200g/m2",86328272
1992,Export,5208,"Woven cotton fabric, >85% cotton, < 200g/m2",106957
1992,Import,5209,"Woven cotton nes, >85% cotton, >200g/m2",12948368
1992,Import,5210,"Woven cotton, <85% cotton with manmade fibre,<200g/m2",1424349
1992,Export,5210,"Woven cotton, <85% cotton with manmade fibre,<200g/m2",593
1992,Import,5211,"Woven fabric, <85% cotton with manmade fibre,>200g/m2",29871958
1992,Import,5212,"Woven cotton fabric, nes",63990608
1992,Export,5212,"Woven cotton fabric, nes",6897
1992,Import,5407,"Woven synthetic filament yarn, monofilament >67dtex",62639924
1992,Export,5407,"Woven synthetic filament yarn, monofilament >67dtex",10368
1992,Import,5408,"Woven fabric of artificial filament, monofilament yar",8960062
1992,Import,5512,Woven fabric with >85% synthetic staple fibres,14177041
1992,Import,5513,"Woven fabric >85% synth + cotton, <170g/m2 unbl/blchd",54546956
1992,Import,5514,"Woven fabric >85% synth+cotton, >170g/m2 unbl/bleache",86230912
1992,Export,5514,"Woven fabric >85% synth+cotton, >170g/m2 unbl/bleache",82230
1992,Import,5515,"Woven fabric of synthetic staple fibres, nes",9493355
1992,Export,5515,"Woven fabric of synthetic staple fibres, nes",2221
1992,Import,5516,Woven fabric <85% artificial staple fibre,2142829
1992,Import,60,Knitted or crocheted fabric,41175128
1992,Export,60,Knitted or crocheted fabric,39359
1992,Import,61,"Articles of apparel, accessories, knit or crochet",5481337
1992,Export,61,"Articles of apparel, accessories, knit or crochet",185949312
1992,Import,62,"Articles of apparel, accessories, not knit or crochet",703456
1992,Export,62,"Articles of apparel, accessories, not knit or crochet",854740416
1993,Import,5208,"Woven cotton fabric, >85% cotton, < 200g/m2",77388922
1993,Export,5208,"Woven cotton fabric, >85% cotton, < 200g/m2",263822
1993,Import,5209,"Woven cotton nes, >85% cotton, >200g/m2",41231993
1993,Import,5210,"Woven cotton, <85% cotton with manmade fibre,<200g/m2",1078373
1993,Import,5211,"Woven fabric, <85% cotton with manmade fibre,>200g/m2",44398417
1993,Export,5211,"Woven fabric, <85% cotton with manmade fibre,>200g/m2",191478
1993,Import,5212,"Woven cotton fabric, nes",62529682
1993,Export,5212,"Woven cotton fabric, nes",61768
1993,Import,5407,"Woven synthetic filament yarn, monofilament >67dtex",68067126
1993,Export,5407,"Woven synthetic filament yarn, monofilament >67dtex",106779
1993,Import,5408,"Woven fabric of artificial filament, monofilament yar",6749697
1993,Import,5512,Woven fabric with >85% synthetic staple fibres,9931551
1993,Import,5513,"Woven fabric >85% synth + cotton, <170g/m2 unbl/blchd",34733923
1993,Import,5514,"Woven fabric >85% synth+cotton, >170g/m2 unbl/bleache",102855617
1993,Export,5514,"Woven fabric >85% synth+cotton, >170g/m2 unbl/bleache",11751
1993,Import,5515,"Woven fabric of synthetic staple fibres, nes",5602250
1993,Export,5515,"Woven fabric of synthetic staple fibres, nes",83329
1993,Import,5516,Woven fabric <85% artificial staple fibre,976059
1993,Import,60,Knitted or crocheted fabric,42502406
1993,Import,61,"Articles of apparel, accessories, knit or crochet",2320734
1993,Export,61,"Articles of apparel, accessories, knit or crochet",227295728
1993,Import,62,"Articles of apparel, accessories, not knit or crochet",1345907
1993,Export,62,"Articles of apparel, accessories, not knit or crochet",1078276379
1994,Export,5208,"Woven cotton fabric, >85% cotton, < 200g/m2",102865
1994,Export,5209,"Woven cotton nes, >85% cotton, >200g/m2",9206
1994,Export,5211,"Woven fabric, <85% cotton with manmade fibre,>200g/m2",84057
1994,Export,5212,"Woven cotton fabric, nes",99209
1994,Export,5514,"Woven fabric >85% synth+cotton, >170g/m2 unbl/bleache",508800
1994,Export,5515,"Woven fabric of synthetic staple fibres, nes",240216
1994,Export,61,"Articles of apparel, accessories, knit or crochet",262901744
1994,Export,62,"Articles of apparel, accessories, not knit or crochet",1213726464
1995,Import,5208,"Woven cotton fabric, >85% cotton, < 200g/m2",132349756
1995,Export,5208,"Woven cotton fabric, >85% cotton, < 200g/m2",5960624
1995,Import,5209,"Woven cotton nes, >85% cotton, >200g/m2",153700519
1995,Export,5209,"Woven cotton nes, >85% cotton, >200g/m2",2949594
1995,Import,5210,"Woven cotton, <85% cotton with manmade fibre,<200g/m2",4704933
1995,Import,5211,"Woven fabric, <85% cotton with manmade fibre,>200g/m2",97974907
1995,Export,5211,"Woven fabric, <85% cotton with manmade fibre,>200g/m2",291115
1995,Import,5212,"Woven cotton fabric, nes",325552424
1995,Export,5212,"Woven cotton fabric, nes",12279
1995,Import,5407,"Woven synthetic filament yarn, monofilament >67dtex",103297715
1995,Export,5407,"Woven synthetic filament yarn, monofilament >67dtex",128953
1995,Import,5408,"Woven fabric of artificial filament, monofilament yar",20092530
1995,Import,5512,Woven fabric with >85% synthetic staple fibres,35254578
1995,Import,5513,"Woven fabric >85% synth + cotton, <170g/m2 unbl/blchd",64181083
1995,Import,5514,"Woven fabric >85% synth+cotton, >170g/m2 unbl/bleache",108456910
1995,Export,5514,"Woven fabric >85% synth+cotton, >170g/m2 unbl/bleache",2637162
1995,Import,5515,"Woven fabric of synthetic staple fibres, nes",5343852
1995,Export,5515,"Woven fabric of synthetic staple fibres, nes",2800643
1995,Import,5516,Woven fabric <85% artificial staple fibre,11063374
1995,Export,5516,Woven fabric <85% artificial staple fibre,72625
1995,Import,60,Knitted or crocheted fabric,89314523
1995,Export,60,Knitted or crocheted fabric,5223938
1995,Import,61,"Articles of apparel, accessories, knit or crochet",56468438
1995,Export,61,"Articles of apparel, accessories, knit or crochet",406227451
1995,Import,62,"Articles of apparel, accessories, not knit or crochet",42569503
1995,Export,62,"Articles of apparel, accessories, not knit or crochet",1562456094
1996,Import,5208,"Woven cotton fabric, >85% cotton, < 200g/m2",131281611
1996,Export,5208,"Woven cotton fabric, >85% cotton, < 200g/m2",6459367
1996,Import,5209,"Woven cotton nes, >85% cotton, >200g/m2",127063522
1996,Export,5209,"Woven cotton nes, >85% cotton, >200g/m2",946814
1996,Import,5210,"Woven cotton, <85% cotton with manmade fibre,<200g/m2",5376266
1996,Export,5210,"Woven cotton, <85% cotton with manmade fibre,<200g/m2",7308
1996,Import,5211,"Woven fabric, <85% cotton with manmade fibre,>200g/m2",23353969
1996,Export,5211,"Woven fabric, <85% cotton with manmade fibre,>200g/m2",549616
1996,Import,5212,"Woven cotton fabric, nes",158949919
1996,Export,5212,"Woven cotton fabric, nes",80026
1996,Import,5407,"Woven synthetic filament yarn, monofilament >67dtex",114254774
1996,Export,5407,"Woven synthetic filament yarn, monofilament >67dtex",55598
1996,Import,5408,"Woven fabric of artificial filament, monofilament yar",17365486
1996,Import,5512,Woven fabric with >85% synthetic staple fibres,41867331
1996,Export,5512,Woven fabric with >85% synthetic staple fibres,7389
1996,Import,5513,"Woven fabric >85% synth + cotton, <170g/m2 unbl/blchd",55016747
1996,Export,5513,"Woven fabric >85% synth + cotton, <170g/m2 unbl/blchd",68809
1996,Import,5514,"Woven fabric >85% synth+cotton, >170g/m2 unbl/bleache",73360176
1996,Export,5514,"Woven fabric >85% synth+cotton, >170g/m2 unbl/bleache",2532862
1996,Import,5515,"Woven fabric of synthetic staple fibres, nes",6368088
1996,Export,5515,"Woven fabric of synthetic staple fibres, nes",24200266
1996,Import,5516,Woven fabric <85% artificial staple fibre,9621960
1996,Import,60,Knitted or crocheted fabric,118823307
1996,Export,60,Knitted or crocheted fabric,3300369
1996,Import,61,"Articles of apparel, accessories, knit or crochet",95884915
1996,Export,61,"Articles of apparel, accessories, knit or crochet",559439651
1996,Import,62,"Articles of apparel, accessories, not knit or crochet",56503193
1996,Export,62,"Articles of apparel, accessories, not knit or crochet",1658742322
1997,Import,5208,"Woven cotton fabric, >85% cotton, < 200g/m2",96619705
1997,Export,5208,"Woven cotton fabric, >85% cotton, < 200g/m2",8499985
1997,Import,5209,"Woven cotton nes, >85% cotton, >200g/m2",32593727
1997,Export,5209,"Woven cotton nes, >85% cotton, >200g/m2",1299252
1997,Import,5210,"Woven cotton, <85% cotton with manmade fibre,<200g/m2",5960267
1997,Import,5211,"Woven fabric, <85% cotton with manmade fibre,>200g/m2",5807819
1997,Export,5211,"Woven fabric, <85% cotton with manmade fibre,>200g/m2",1997
1997,Import,5212,"Woven cotton fabric, nes",6780817
1997,Export,5212,"Woven cotton fabric, nes",352177
1997,Import,5407,"Woven synthetic filament yarn, monofilament >67dtex",46923079
1997,Export,5407,"Woven synthetic filament yarn, monofilament >67dtex",162539
1997,Import,5408,"Woven fabric of artificial filament, monofilament yar",485660
1997,Import,5512,Woven fabric with >85% synthetic staple fibres,16995013
1997,Export,5512,Woven fabric with >85% synthetic staple fibres,60244
1997,Import,5513,"Woven fabric >85% synth + cotton, <170g/m2 unbl/blchd",14604101
1997,Export,5513,"Woven fabric >85% synth + cotton, <170g/m2 unbl/blchd",191906
1997,Import,5514,"Woven fabric >85% synth+cotton, >170g/m2 unbl/bleache",3923415
1997,Export,5514,"Woven fabric >85% synth+cotton, >170g/m2 unbl/bleache",3348234
1997,Import,5515,"Woven fabric of synthetic staple fibres, nes",5376871
1997,Export,5515,"Woven fabric of synthetic staple fibres, nes",31554846
1997,Import,5516,Woven fabric <85% artificial staple fibre,3283707
1997,Import,60,Knitted or crocheted fabric,33818551
1997,Import,61,"Articles of apparel, accessories, knit or crochet",5665855
1997,Export,61,"Articles of apparel, accessories, knit or crochet",763065828
1997,Import,62,"Articles of apparel, accessories, not knit or crochet",27682391
1997,Export,62,"Articles of apparel, accessories, not knit or crochet",1925158433
1998,Import,5208,"Woven cotton fabric, >85% cotton, < 200g/m2",139514463
1998,Export,5208,"Woven cotton fabric, >85% cotton, < 200g/m2",8141906
1998,Import,5209,"Woven cotton nes, >85% cotton, >200g/m2",164345860
1998,Export,5209,"Woven cotton nes, >85% cotton, >200g/m2",1702918
1998,Import,5210,"Woven cotton, <85% cotton with manmade fibre,<200g/m2",4894336
1998,Import,5211,"Woven fabric, <85% cotton with manmade fibre,>200g/m2",33082861
1998,Export,5211,"Woven fabric, <85% cotton with manmade fibre,>200g/m2",8944
1998,Import,5212,"Woven cotton fabric, nes",126927272
1998,Export,5212,"Woven cotton fabric, nes",1329262
1998,Import,5407,"Woven synthetic filament yarn, monofilament >67dtex",185025078
1998,Export,5407,"Woven synthetic filament yarn, monofilament >67dtex",296657
1998,Import,5408,"Woven fabric of artificial filament, monofilament yar",15706089
1998,Export,5408,"Woven fabric of artificial filament, monofilament yar",12666
1998,Import,5512,Woven fabric with >85% synthetic staple fibres,63700965
1998,Export,5512,Woven fabric with >85% synthetic staple fibres,1700
1998,Import,5513,"Woven fabric >85% synth + cotton, <170g/m2 unbl/blchd",73462143
1998,Export,5513,"Woven fabric >85% synth + cotton, <170g/m2 unbl/blchd",173171
1998,Import,5514,"Woven fabric >85% synth+cotton, >170g/m2 unbl/bleache",86577308
1998,Export,5514,"Woven fabric >85% synth+cotton, >170g/m2 unbl/bleache",2958308
1998,Import,5515,"Woven fabric of synthetic staple fibres, nes",11516062
1998,Export,5515,"Woven fabric of synthetic staple fibres, nes",29685883
1998,Import,5516,Woven fabric <85% artificial staple fibre,9705443
1998,Import,60,Knitted or crocheted fabric,94234578
1998,Export,60,Knitted or crocheted fabric,5149574
1998,Import,61,"Articles of apparel, accessories, knit or crochet",2548238
1998,Export,61,"Articles of apparel, accessories, knit or crochet",964313829
1998,Import,62,"Articles of apparel, accessories, not knit or crochet",57819553
1998,Export,62,"Articles of apparel, accessories, not knit or crochet",2819630884
2000,Import,5208,"Woven cotton fabric, >85% cotton, < 200g/m2",139563410
2000,Export,5208,"Woven cotton fabric, >85% cotton, < 200g/m2",10489487
2000,Import,5209,"Woven cotton nes, >85% cotton, >200g/m2",120199916
2000,Export,5209,"Woven cotton nes, >85% cotton, >200g/m2",2263017
2000,Import,5210,"Woven cotton, <85% cotton with manmade fibre,<200g/m2",9108202
2000,Import,5211,"Woven fabric, <85% cotton with manmade fibre,>200g/m2",6500313
2000,Export,5211,"Woven fabric, <85% cotton with manmade fibre,>200g/m2",8497
2000,Import,5212,"Woven cotton fabric, nes",118593413
2000,Export,5212,"Woven cotton fabric, nes",5434277
2000,Import,5407,"Woven synthetic filament yarn, monofilament >67dtex",178457481
2000,Export,5407,"Woven synthetic filament yarn, monofilament >67dtex",6232731
2000,Import,5408,"Woven fabric of artificial filament, monofilament yar",6519366
2000,Import,5512,Woven fabric with >85% synthetic staple fibres,153364204
2000,Export,5512,Woven fabric with >85% synthetic staple fibres,267843
2000,Import,5513,"Woven fabric >85% synth + cotton, <170g/m2 unbl/blchd",92457913
2000,Export,5513,"Woven fabric >85% synth + cotton, <170g/m2 unbl/blchd",528586
2000,Import,5514,"Woven fabric >85% synth+cotton, >170g/m2 unbl/bleache",47847109
2000,Export,5514,"Woven fabric >85% synth+cotton, >170g/m2 unbl/bleache",270874
2000,Import,5515,"Woven fabric of synthetic staple fibres, nes",18879549
2000,Import,5516,Woven fabric <85% artificial staple fibre,6216861
2000,Export,5516,Woven fabric <85% artificial staple fibre,4227907
2000,Import,60,Knitted or crocheted fabric,67037344
2000,Export,60,Knitted or crocheted fabric,5545728
2000,Import,61,"Articles of apparel, accessories, knit or crochet",19720249
2000,Export,61,"Articles of apparel, accessories, knit or crochet",1199485982
2000,Import,62,"Articles of apparel, accessories, not knit or crochet",149235600
2000,Export,62,"Articles of apparel, accessories, not knit or crochet",2920524425
2001,Import,5208,"Woven cotton fabric, >85% cotton, < 200g/m2",116088957
2001,Export,5208,"Woven cotton fabric, >85% cotton, < 200g/m2",4737921
2001,Import,5209,"Woven cotton nes, >85% cotton, >200g/m2",154378915
2001,Export,5209,"Woven cotton nes, >85% cotton, >200g/m2",2430729
2001,Import,5210,"Woven cotton, <85% cotton with manmade fibre,<200g/m2",9907987
2001,Import,5211,"Woven fabric, <85% cotton with manmade fibre,>200g/m2",6717171
2001,Export,5211,"Woven fabric, <85% cotton with manmade fibre,>200g/m2",7367
2001,Import,5212,"Woven cotton fabric, nes",180233409
2001,Export,5212,"Woven cotton fabric, nes",17813273
2001,Import,5407,"Woven synthetic filament yarn, monofilament >67dtex",174054240
2001,Export,5407,"Woven synthetic filament yarn, monofilament >67dtex",13737400
2001,Import,5408,"Woven fabric of artificial filament, monofilament yar",10219884
2001,Import,5512,Woven fabric with >85% synthetic staple fibres,186935243
2001,Export,5512,Woven fabric with >85% synthetic staple fibres,170490
2001,Import,5513,"Woven fabric >85% synth + cotton, <170g/m2 unbl/blchd",109888301
2001,Export,5513,"Woven fabric >85% synth + cotton, <170g/m2 unbl/blchd",1928928
2001,Import,5514,"Woven fabric >85% synth+cotton, >170g/m2 unbl/bleache",43642837
2001,Export,5514,"Woven fabric >85% synth+cotton, >170g/m2 unbl/bleache",80802
2001,Import,5515,"Woven fabric of synthetic staple fibres, nes",18229890
2001,Export,5515,"Woven fabric of synthetic staple fibres, nes",108776
2001,Import,5516,Woven fabric <85% artificial staple fibre,2531152
2001,Export,5516,Woven fabric <85% artificial staple fibre,526887
2001,Import,60,Knitted or crocheted fabric,78996326
2001,Export,60,Knitted or crocheted fabric,18021453
2001,Import,61,"Articles of apparel, accessories, knit or crochet",5948550
2001,Export,61,"Articles of apparel, accessories, knit or crochet",1281533792
2001,Import,62,"Articles of apparel, accessories, not knit or crochet",187236230
2001,Export,62,"Articles of apparel, accessories, not knit or crochet",2757655123
